3347.jpg	a woman in a white dress dancing in a room
6445.jpg	a scene from the movie the mummy mummy mummy mummy mummy mummy mummy mummy mummy mummy mummy mummy mummy mummy
5321.jpg	a scene from the movie ' ' ' '
328.jpg	a man in a white shirt and tie standing in front of a window
658.jpg	a scene from the movie ' s first trailer
5016.jpg	a man in a suit holding a candle
4198.jpg	a man in a suit and a red scarf sits on a throne
1484.jpg	a fire burns in the middle of a desert
1255.jpg	a group of knights standing in front of a dark sky
3519.jpg	a man in a tuk hat holding a piece of paper
1341.jpg	the hord in the hord
8547.jpg	a man laying on top of a bed next to a bowl of food
9170.jpg	the mummy mummy mummy mummy mummy mummy mummy mummy mummy mummy mummy mummy mummy mummy mummy mummy mummy mummy mummy
3157.jpg	a woman in a yellow dress dancing with other women
4529.jpg	a man in a tuk hat and a tuk hat
7922.jpg	a woman in a black dress standing in front of a group of people
5400.jpg	the nun - the nun
8947.jpg	a man with no shirt standing in the snow
1050.jpg	the tudors - the tudors
4208.jpg	a man in a red scarf and a red scarf is standing in front of a mirror
6757.jpg	a woman in a red turbal and a man in a red turbal
9117.jpg	a window in the dark with a light shining through it
7234.jpg	a scene from the movie ' s first look
3477.jpg	a woman in a black jacket looking down at her phone
3980.jpg	a man in a black cloak standing next to a fire
9199.jpg	a black background with a white and red flower
5108.jpg	a woman in a white veil stands on a balcony
3553.jpg	a scene from the movie ' ' ' '
6067.jpg	a man with a beard and a mustache
4075.jpg	a person is writing on a piece of paper
8722.jpg	a man holding a book in his hand
6455.jpg	a scene from the movie ' bhooti '
3014.jpg	a group of women in sari sari sari sari sari sari sari sar
1218.jpg	a large fire in a large bowl
6125.jpg	a scene from the movie the hateful heart
8852.jpg	a man standing in a jail looking out the window
111.jpg	a black background with a white and red flower
1687.jpg	a man and woman in a room with a mirror
7501.jpg	the legend of tarzan
4580.jpg	a woman in a purple sari sari sari sari sari sari sari sar
1261.jpg	the lord ' s return - official trailer
4032.jpg	a man with a mustache and a beard
7269.jpg	a scene from the movie ' s song
4334.jpg	a scene from the movie ' ba ba ba ba ba ba ba ba ba ba ba ba ba ba
7853.jpg	the battle scene from game of thrones
8491.jpg	a man in a black shirt standing in front of a mirror
6345.jpg	a scene from the movie ' ' ' '
4915.jpg	the legend of hercules trailer
4888.jpg	a woman with long hair and a red shirt
760.jpg	a woman in a purple dress and a man in a green shirt
