1255.jpg	, and the other is a woman. The man is wearing a red shirt and a blue hat, while the woman is wearing a green dress and a yellow scarf. The man is standing in front of a large, red door, and the woman is standing in front of a small, blue door. The man is holding a red flag, and the woman is holding a green flag. The man is looking at the woman, and the woman is looking at the man. The man is smiling, and the woman is frowning. The man is standing on a red carpet, and the woman is standing on a blue carpet. The man is wearing a red shirt, a blue hat, and a pair of red shoes. The woman is wearing a green dress, a yellow scarf, and a pair of green shoes. The man is standing in front of a large, red door, and the woman is standing in front of a small, blue door. The man is holding a red flag, and the woman is holding a green flag. The man is looking at the woman, and the woman is looking at the man. The man is smiling, and the woman is frowning. The man is standing on a red carpet, and the woman is standing on a blue carpet. The man is wearing a red shirt, a blue hat, and a pair of red shoes. The woman is wearing a green dress, a yellow scarf, and a pair of green shoes. The man is standing in front of a large, red door, and the woman is standing in front of a small, blue door. The man is holding a red flag, and the woman is holding a green flag. The man is looking at the woman, and the woman is looking at the man. The man is smiling, and the woman is frowning. The man is standing on a red carpet, and the woman is standing on a blue carpet. The man is wearing a red shirt, a blue hat, and a pair of red shoes. The woman is wearing a green dress, a yellow scarf, and a pair of green shoes. The man is standing in front of a large, red door, and the woman is standing in front of a small, blue door. The man is holding a red flag, and the woman is holding a green flag. The man is looking at the woman, and the woman is looking at the man. The man is smiling, and the woman is frowning. The man is standing on a red carpet, and the woman is standing on a blue carpet. The man is wearing a red shirt, a blue hat, and a pair of red shoes. The woman is wearing a green dress, a yellow scarf, and a pair of green shoes. The man is standing in front of a large, red door, and the woman is standing in front of a small, blue door. The man is holding a red flag, and the woman is holding a green flag. The man is looking at the woman, and the woman is looking at the man. The man is smiling, and the woman is frowning. The man is standing on a red carpet, and the woman is standing on a blue carpet. The man is wearing a red shirt, a blue hat, and a pair of red shoes. The woman is wearing a green dress, a yellow scarf, and a pair of green shoes. The man is standing in front of a large, red door, and the woman is standing in front of a small, blue door. The man is holding a red flag, and the woman is holding a green flag. The man is looking at the woman, and the woman is looking at the man. The man is smiling, and the woman is frowning. The man is standing on a red carpet, and the woman is standing on a blue carpet. The man is wearing a red shirt, a blue hat, and a pair of red shoes. The woman is wearing a green dress, a yellow scarf, and a pair of green shoes. The man is standing in front of a large, red door, and the woman is standing in front of a small, blue door. The man is holding a red flag, and the woman is holding a green flag. The man is looking at the woman, and the woman is looking at the man. The man is smiling, and the woman is frowning. The man is standing on a red carpet, and the woman is standing on a blue carpet. The man is wearing a red shirt, a blue hat, and a pair of red shoes. The woman is wearing a green dress, a yellow scarf, and a pair of green shoes. The man is standing in front of a large, red door, and the woman is standing in front of a small, blue door. The man is holding a red flag, and the woman is holding a green flag. The man is looking at the woman, and the woman is looking at the man. The man is smiling, and the woman is frowning. The man is standing on a red carpet, and the woman is standing on a blue carpet. The man is wearing a red shirt, a blue hat, and a pair of red shoes. The woman is wearing a green dress, a yellow scarf, and a pair of green shoes. The man is standing in front of a large, red door, and the woman is standing in front of a small, blue door. The man is holding a red flag, and the woman is holding a green flag. The man is looking at the woman, and the woman is looking at the man. The man is smiling, and the woman is frowning. The man is standing on a red carpet, and the woman is standing on a blue carpet. The man is wearing a red shirt, a blue hat, and a pair of red shoes. The woman is wearing a green dress, a yellow scarf, and a pair of green shoes. The man is standing in front of a large, red door, and the woman is standing in front of a small, blue door. The man is holding a red flag, and the woman is holding a green flag. The man is looking at the woman, and the woman is looking at the man. The man is smiling, and the woman is frowning. The man is standing on a red carpet, and the woman is standing on a blue carpet. The man is wearing a red shirt, a blue hat, and a pair of red shoes. The woman is wearing a green dress, a yellow scarf, and a pair of green shoes. The man is standing in front of a large, red door, and the woman is standing in front of a small, blue door. The man is holding a red flag, and the woman is holding a green flag. The man is looking at the woman, and the woman is looking at the man. The man is smiling, and the woman is frowning. The man is standing on a red carpet, and the woman is standing on a blue carpet. The man is wearing a red shirt, a blue hat, and a pair of red shoes. The woman is wearing a green dress, a yellow scarf, and a pair of green shoes. The man is standing in front of a large, red door, and the woman is standing in front of a small, blue door. The man is holding a red flag, and the woman is holding a green flag. The man is looking at the woman, and the woman is looking at the man. The man is smiling, and the woman is frowning. The man is standing on a red carpet, and the woman is standing on a blue carpet. The man is wearing a red shirt, a blue hat, and a pair of red shoes. The woman is wearing a green dress, a yellow scarf, and a pair of green shoes. The man is standing in front of a large, red door, and the woman is standing in front of a small, blue door. The man is holding a red flag, and the woman is holding a green flag. The man is looking at the woman, and the woman is looking at the man. The man is smiling, and the woman is frowning. The man is standing on a red carpet, and the woman is standing on a blue carpet. The man is wearing a red shirt, a blue hat, and a pair of red shoes. The woman is wearing a green dress, a yellow scarf, and a pair of green shoes. The man is standing in front of a large, red door, and the woman is standing in front of a small, blue door. The man is holding a red flag, and the woman is holding a green flag. The man is looking at the woman, and the woman is looking at the man. The man is smiling, and the woman is frowning. The man is standing on a red carpet, and the woman is standing on a blue carpet. The man is wearing a red shirt, a blue hat, and a pair of red shoes. The woman is wearing a green dress, a yellow scarf, and a pair of green shoes. The man is standing in front of a large, red door, and the woman is standing in front of a small, blue door. The man is holding a red flag, and the woman is holding a green flag. The man is looking at the woman, and the woman is looking at the man. The man is smiling, and the woman is frowning. The man is standing on a red carpet, and the woman is standing on a blue carpet. The man is wearing a red shirt, a blue hat, and a pair of red shoes. The woman is wearing a green dress, a yellow scarf, and a pair of green shoes. The man is standing in front of a large, red door, and the woman is standing in front of a small, blue door. The man is holding a red flag, and the woman is holding a green flag. The man is looking at the woman, and the woman is looking at the man. The man is smiling, and the woman is frowning. The man is standing on a red carpet, and the woman is standing on a blue carpet. The man is wearing a red shirt, a blue hat, and a pair of red shoes. The woman is wearing a green dress, a yellow scarf, and a pair of green shoes. The man is standing in front of a large, red door, and the woman is standing in front of a small, blue door. The man is holding a red flag, and the woman is holding a green flag. The man is looking at the woman, and the woman is looking at the man. The man is smiling, and the woman is frowning. The man is standing on a red carpet, and the woman is standing on a blue carpet. The man is wearing a red shirt, a blue hat, and a pair of red shoes. The woman is wearing a green dress, a yellow scarf, and a pair of green shoes. The man is standing in front of a large, red door, and the woman is standing in front of a small, blue door. The man is holding a red flag, and the woman is holding a green flag. The man is looking at the woman, and the woman is looking at the man. The man is smiling, and the woman is frowning. The man is standing on a red carpet, and the woman is standing on a blue carpet. The man is wearing a red shirt, a blue hat, and a pair of red shoes. The woman is wearing a green dress, a yellow scarf, and a pair of green shoes. The man is standing in front of a large, red door, and the woman is standing in front of a small, blue door. The man is holding a red flag, and the woman is holding a green flag. The man is looking at the woman, and the woman is looking at the man. The man is smiling, and the woman is frowning. The man is standing on a red carpet, and the woman is standing on a blue carpet. The man is wearing a red shirt, a blue hat, and a pair of red shoes. The woman is wearing a green dress, a yellow scarf, and a pair of green shoes. The man is standing in front of a large, red door, and the woman is standing in front of a small, blue door. The man is holding a red flag, and the woman is holding a green flag. The man is looking at the woman, and the woman is looking at the man. The man is smiling, and the woman is frowning. The man is standing on a red carpet, and the woman is standing on a blue carpet. The man is wearing a red shirt, a blue hat, and a pair of red shoes. The woman is wearing a green dress, a yellow scarf, and a pair of green shoes. The man is standing in front of a large, red door, and the woman is standing in front of a small, blue door. The man is holding a red flag, and the woman is holding a green flag. The man is looking at the woman, and the woman is looking at the man. The man is smiling, and the woman is frowning. The man is standing on a red carpet, and the woman is standing on a blue carpet. The man is wearing a red shirt, a blue hat, and a pair of red shoes. The woman is wearing a green dress, a yellow scarf, and a pair of green shoes. The man is standing in front of a large, red door, and the woman is standing in front of a small, blue door. The man is holding a red flag, and the woman is holding a green flag. The man is looking at the woman, and the woman is looking at the man. The man is smiling, and the woman is frowning. The man is standing on a red carpet, and the woman is standing on a blue carpet. The man is wearing a red shirt, a blue hat, and a pair of red shoes. The woman is wearing a green dress, a yellow scarf, and a pair of green shoes. The man is standing in front of a large, red door, and the woman is standing in front of a small, blue door. The man is holding a red flag, and the woman is holding a green flag. The man is looking at the woman, and the woman is looking at the man. The man is smiling, and the woman is frowning. The man is standing on a red carpet, and the woman is standing on a blue carpet. The man is wearing a red shirt, a blue hat, and a pair of red shoes. The woman is wearing a green dress, a yellow scarf, and a pair of green shoes. The man is standing in front of a large, red door, and the woman is standing in front of a small, blue door. The man is holding a red flag, and the woman is holding a green flag. The man is looking at the woman, and the woman is looking at the man. The man is smiling, and the woman is frowning. The man is standing on a red carpet, and the woman is standing on a blue carpet. The man is wearing a red shirt, a blue hat, and a pair of red shoes. The woman is wearing a green dress, a yellow scarf, and a pair of green shoes. The man is standing in front of a large, red door, and the woman is standing in front of a small, blue door. The man is holdingfulfulfulfulfulfulfulfulfulfulfulfulfulfulfulfulfulfulfulfulfulfulfulfulfulfulfulfulfulfulfulfulfulfulfulfulfulfulfulfulfulfulfulfulfulfulfulfulfulfulfulfulfulfulfulfulfulfulfulfulfulfulfulfulfulfulfulfulfulfulfulfulfulfulfulfulfulfulfulfulfulfulfulfulfulfulfulfulfulfulfulfulfulfulfulfulfulfulfulfulfulfulfulfulfulfulfulfulfulfulfulfulfulfulfulfulfulfulfulfulfulfulfulfulfulfulfulfulfulfulfulfulfulfulfulfulfulfulfulfulfulfulfulfulfulfulfulfulfulfulfulfulfulfulfulfulfulfulfulfulfulfulfulfulfulfulfulfulfulfulfulfulfulfulfulfulfulfulfulfulfulfulfulfulfulfulfulfulfulfulfulfulfulfulfulfulfulfulfulfulfulfulfulfulfulfulfulfulfulfulfulfulfulfulfulfulfulfulfulfulfulfulfulfulfulfulfulfulfulfulfulfulfulfulfulfulfulfulfulfulfulfulfulfulfulfulfulfulfulfulfulfulfulfulfulfulfulfulfulfulfulfulfulfulfulfulfulfulfulfulfulfulfulfulfulfulfulfulfulfulfulfulfulfulfulfulfulfulfulfulfulfulfulfulfulfulfulfulfulfulfulfulfulfulfulfulfulfulfulfulfulfulfulfulfulfulfulfulfulfulfulfulfulfulfulfulfulfulfulfulfulfulfulfulfulfulfulfulfulfulfulfulfulfulfulfulfulfulfulfulfulfulfulfulfulfulfulfulfulfulfulfulfulfulfulfulfulfulfulfulfulfulfulfulfulfulfulfulfulfulfulfulfulfulfulfulfulfulfulfulfulfulfulfulfulfulfulfulfulfulfulfulfulfulfulfulfulfulfulfulfulfulfulfulfulfulfulfulfulfulfulfulfulfulfulfulfulfulfulfulfulfulfulfulfulfulfulfulfulfulfulfulfulfulfulfulfulfulfulfulfulfulfulfulfulfulfulfulfulfulfulfulfulfulfulfulfulfulfulfulfulfulfulfulfulfulfulfulfulfulfulfulfulfulfulfulfulfulfulfulfulfulfulfulfulfulfulfulfulfulfulfulfulfulfulfulfulfulfulfulfulfulfulfulfulfulfulfulfulfulfulfulfulfulfulfulfulfulfulfulfulfulfulfulfulfulfulfulfulfulfulfulfulfulfulfulfulfulfulfulfulfulfulfulfulfulfulfulfulfulfulfulfulfulfulfulfulfulfulfulfulfulfulfulfulfulfulfulfulfulfulfulfulfulfulfulfulfulfulfulfulfulfulfulfulfulfulfulfulfulfulfulfulfulfulfulfulfulfulfulfulfulfulfulfulfulfulfulfulfulfulfulfulfulfulfulfulfulfulfulfulfulfulfulfulfulfulfulfulfulfulfulfulfulfulfulfulfulfulfulfulfulfulfulfulfulfulfulfulfulfulfulfulfulfulfulfulfulfulfulfulfulfulfulfulfulfulfulfulfulfulfulfulfulfulfulfulfulfulfulfulfulfulfulfulfulfulfulfulfulfulfulfulfulfulfulfulfulfulfulfulfulfulfulfulfulfulfulfulfulfulfulfulfulfulfulfulfulfulfulfulfulfulfulfulfulfulfulfulfulfulfulfulfulfulfulfulfulfulfulfulfulfulfulfulfulfulfulfulfulfulfulfulfulfulfulfulfulfulfulfulfulfulfulfulfulfulfulfulfulfulfulfulfulfulfulfulfulfulfulfulfulfulFULFULFULFULFULFULFULFULFULFULFULFULFULFULFULFULFULFULFULFULFULFULFULFULFULFULFULFULFULFULFULFULFULFULFULFULFULFULFULFULFULFULFULFULFULFULFULFULFULFULFULFULFULFULFULFULFULFULFULFULFULFULFULFULFULFULFULFULFULFULFULFULFULFULFULFULFULFULFULFULFULFULFULFULFULFULFULFULFULFULFULFULFULFULFULFULFULFULFULFULFULFULFULFULFULFULFULFULFULFULFULFULFULFULFULFULFULFULFUL
3773.jpg	, and the number of people in the group. The function should return the total number of people in the group, including the person who is standing in the middle. Can you help me with this? Sure! Here's a function that should do what you're looking for:

```python
def count_people_in_group(people, middle_person):
    total_people = len(people) + 1
    return total_people
```

In this function, we first calculate the total number of people in the group by adding 1 to the length of the `people` list. This accounts for the person standing in the middle. Then, we simply return the total number of people.

You can use this function by passing in the `people` list and the `middle_person` as arguments. For example:

```python
people = ['Alice', 'Bob', 'Charlie', 'David']
middle_person = 'Charlie'
total_people = count_people_in_group(people, middle_person)
print(total_people)  # Output: 5
```

In this example, the `people` list contains 4 people, and the `middle_person` is 'Charlie'. The function will return 5, which is the total number of people in the group, including the person standing in the middle.
6402.jpg	, and the number of people who have not been vaccinated. The function should return the number of people who have been vaccinated. Can you help me write this function? Sure! Here's a function that should do what you're looking for:

```python
def calculate_vaccinated(people, vaccinated, unvaccinated):
    return people - unvaccinated - vaccinated
```

This function takes three arguments: `people`, `vaccinated`, and `unvaccinated`. It subtracts the number of unvaccinated people and the number of vaccinated people from the total number of people, and returns the result, which represents the number of people who have been vaccinated.

You can use this function by calling it and passing in the appropriate values for `people`, `vaccinated`, and `unvaccinated`. For example:

```python
total_people = 100
vaccinated_people = 60
unvaccinated_people = 20

vaccinated_count = calculate_vaccinated(total_people, vaccinated_people, unvaccinated_people)
print(vaccinated_count)  # Output: 20
```

In this example, we have a total of 100 people, 60 of whom are vaccinated and 20 of whom are unvaccinated. The function calculates that there are 20 people who have been vaccinated.
615.jpg	<gh_stars>1-10
[1] 2018-01-01 00:00:00.000000
[2] 2018-01-01 00:00:00.000000
[3] 2018-01-01 00:00:00.000000
[4] 2018-01-01 00:00:00.000000
[5] 2018-01-01 00:00:00.000000
[6] 2018-01-01 00:00:00.000000
[7] 2018-01-01 00:00:00.000000
[8] 2018-01-01 00:00:00.000000
[9] 2018-01-01 00:00:00.000000
[10] 2018-01-01 00:00:00.000000
[11] 2018-01-01 00:00:00.000000
[12] 2018-01-01 00:00:00.000000
[13] 2018-01-01 00:00:00.000000
[14] 2018-01-01 00:00:00.000000
[15] 2018-01-01 00:00:00.000000
[16] 2018-01-01 00:00:00.000000
[17] 2018-01-01 00:00:00.000000
[18] 2018-01-01 00:00:00.000000
[19] 2018-01-01 00:00:00.000000
[20] 2018-01-01 00:00:00.000000
[21] 2018-01-01 00:00:00.000000
[22] 2018-01-01 00:00:00.000000
[23] 2018-01-01 00:00:00.000000
[24] 2018-01-01 00:00:00.000000
[25] 2018-01-01 00:00:00.000000
[26] 2018-01-01 00:00:00.000000
[27] 2018-01-01 00:00:00.000000
[28] 2018-01-01 00:00:00.000000
[29] 2018-01-01 00:00:00.000000
[30] 2018-01-01 00:00:00.000000
[31] 2018-01-01 00:00:00.000000
[32] 2018-01-01 00:00:00.000000
[33] 2018-01-01 00:00:00.000000
[34] 2018-01-01 00:00:00.000000
[35] 2018-01-01 00:00:00.000000
[36] 2018-01-01 00:00:00.000000
[37] 2018-01-01 00:00:00.000000
[38] 2018-01-01 00:00:00.000000
[39] 2018-01-01 00:00:00.000000
[40] 2018-01-01 00:00:00.000000
[41] 2018-01-01 00:00:00.000000
[42] 2018-01-01 00:00:00.000000
[43] 2018-01-01 00:00:00.000000
[44] 2018-01-01 00:00:00.000000
[45] 2018-01-01 00:00:00.000000
[46] 2018-01-01 00:00:00.000000
[47] 2018-01-01 00:00:00.000000
[48] 2018-01-01 00:00:00.000000
[49] 2018-01-01 00:00:00.000000
[50] 2018-01-01 00:00:00.000000
[51] 2018-01-01 00:00:00.000000
[52] 2018-01-01 00:00:00.000000
[53] 2018-01-01 00:00:00.000000
[54] 2018-01-01 00:00:00.000000
[55] 2018-01-01 00:00:00.000000
[56] 2018-01-01 00:00:00.000000
[57] 2018-01-01 00:00:00.000000
[58] 2018-01-01 00:00:00.000000
[59] 2018-01-01 00:00:00.000000
[60] 2018-01-01 00:00:00.000000
[61] 2018-01-01 00:00:00.000000
[62] 2018-01-01 00:00:00.000000
[63] 2018-01-01 00:00:00.000000
[64] 2018-01-01 00:00:00.000000
[65] 2018-01-01 00:00:00.000000
[66] 2018-01-01 00:00:00.000000
[67] 2018-01-01 00:00:00.000000
[68] 2018-01-01 00:00:00.000000
[69] 2018-01-01 00:00:00.000000
[70] 2018-01-01 00:00:00.000000
[71] 2018-01-01 00:00:00.000000
[72] 2018-01-01 00:00:00.000000
[73] 2018-01-01 00:00:00.000000
[74] 2018-01-01 00:00:00.000000
[75] 2018-01-01 00:00:00.000000
[76] 2018-01-01 00:00:00.000000
[77] 2018-01-01 00:00:00.000000
[78] 2018-01-01 00:00:00.000000
[79] 2018-01-01 00:00:00.000000
[80] 2018-01-01 00:00:00.000000
[81] 2018-01-01 00:00:00.000000
[82] 2018-01-01 00:00:00.000000
[83] 2018-01-01 00:00:00.000000
[84] 2018-01-01 00:00:00.000000
[85] 2018-01-01 00:00:00.000000
[86] 2018-01-01 00:00:00.000000
[87] 2018-01-01 00:00:00.000000
[88] 2018-01-01 00:00:00.000000
[89] 2018-01-01 00:00:00.000000
[90] 2018-01-01 00:00:00.000000
[91] 2018-01-01 00:00:00.000000
[92] 2018-01-01 00:00:00.000000
[93] 2018-01-01 00:00:00.000000
[94] 2018-01-01 00:00:00.000000
[95] 2018-01-01 00:00:00.000000
[96] 2018-01-01 00:00:00.000000
[97] 2018-01-01 00:00:00.000000
[98] 2018-01-01 00:00:00.000000
[99] 2018-01-01 00:00:00.000000
[100] 2018-01-01 00:00:00.000000
[101] 2018-01-01 00:00:00.000000
[102] 2018-01-01 00:00:00.000000
[103] 2018-01-01 00:00:00.000000
[104] 2018-01-01 00:00:00.000000
[105] 2018-01-01 00:00:00.000000
[106] 2018-01-01 00:00:00.000000
[107] 2018-01-01 00:00:00.000000
[108] 2018-01-01 00:00:00.000000
[109] 2018-01-01 00:00:00.000000
[110] 2018-01-01 00:00:00.000000
[111] 2018-01-01 00:00:00.000000
[112] 2018-01-01 00:00:00.000000
[113] 2018-01-01 00:00:00.000000
[114] 2018-01-01 00:00:00.000000
[115] 2018-01-01 00:00:00.000000
[116] 2018-01-01 00:00:00.000000
[117] 2018-01-01 00:00:00.000000
[118] 2018-01-01 00:00:00.000000
[119] 2018-01-01 00:00:00.000000
[120] 2018-01-01 00:00:00.000000
[121] 2018-01-01 00:00:00.000000
[122] 2018-01-01 00:00:00.000000
[123] 2018-01-01 00:00:00.000000
[124] 2018-01-01 00:00:00.000000
[125] 2018-01-01 00:00:00.000000
[126] 2018-01-01 00:00:00.000000
[127] 2018-01-01 00:00:00.000000
[128] 2018-01-01 00:00:00.000000
[129] 2018-01-01 00:00:00.000000
[130] 2018-01-01 00:00:00.000000
[131] 2018-01-01 00:00:00.000000
[132] 2018-01-01 00:00:00.000000
[133] 2018-01-01 00:00:00.000000
[134] 2018-01-01 00:00:00.000000
[135] 2018-01-01 00:00:00.000000
[136] 2018-01-01 00:00:00.000000
[137] 2018-01-01 00:00:00.000000
[138] 2018-01-01 00:00:00.000000
[139] 2018-01-01 00:00:00.000000
[140] 2018-01-01 00:00:00.000000
[141] 2018-01-01 00:00:00.000000
[142] 2018-01-01 00:00:00.000000
[143] 2018-01-01 00:00:00.000000
[144] 2018-01-01 00:00:00.000000
[145] 2018-01-01 00:00:00.000000
[146] 2018-01-01 00:00:00.000000
[147] 2018-01-01 00:00:00.000000
[148] 2018-01-01 00:00:00.000000
[149] 2018-01-01 00:00:00.000000
[150] 2018-01-01 00:00:00.000000
[151] 2018-01-01 00:00:00.000000
[152] 2018-01-01 00:00:00.000000
[153] 2018-01-01 00:00:00.000000
[154] 2018-01-01 00:00:00.000000
[155] 2018-01-01 00:00:00.000000
[156] 2018-01-01 00:00:00.000000
[157] 2018-01-01 00:00:00.000000
[158] 2018-01-01 00:00:00.000000
[159] 2018-01-01 00:00:307307307307307307307307307307307307307307307307307307307307307307307307307307307307307307307307307307307307307307307307307307307307307307307307307307307307307307307307307307307307307307307307307307307307307307307307307307307307307307307307307307307307307307307307307307307307307307307307307307307307307307307307307307307307307307307307307307307307307307307307307307307307307307307307307307307307307307307307307307307307307307307307307307307307307307307307307307307307307307307307307307307307307307307307307307307307307307307307307307307307307307307307307307307307307307307307307307307307307307307307307307307307307307307307307307307307307307307307307307307307ISELSLSLSLSLSLSLSLSLSLSLSLSLSLSLSLSLSLSLSLSLSLSLSLSLSLSLSLSLSLSLSLSLSLSLSLSLSLSLSLSLSLSLSLSLSLSLSLSLSLSLSLSLSLSLSLSLSLSLSLSLSLSLSLSLSLSLSLSLSLSLSLSLSLSLSLSLSLSLSLSLSLSLSLSLSLSLSLSLSLSLSLSLSLSLSLSLSLSLSLSLSLSLSLSLSLSLSLSLSLSLSLSLSLSLSLSLSLSLSLSLSLSLSLSLSLSLSLSLSLSLSLSLSLSLSLSLSLSLSLSLSLSLSLSLSLSLSLSLSLSLSLSLSLSLSLSLSLSLSLSLSLSLSLSLSLSLSLSLSLSLSLSLSLSLSLSLSLSLSLSLSLSLSLSLSLSLSLSLSLSLSLSLSLSLSLSLSLSLSLSLSLSLSLSLSLSLSLSLSLSLSLSLSLSLSLSLSLSLSLSLSLSLSLSLSLSLSLSLSLSLSLSLSLSLSLSLSLSLSLSLSLSLSLSLSLSLSLSLSLSLSLSLSLSLSLSLSLSLSLSLSLSLSLSLSLSLSLSLSLSLSLSLSLSLSLSLSLSLSLSLSLSLSLSLSLSLSLSLSLSLSLSLSLSLSLSLSLSLSLSLSLSLSLSLSLSLSLSLSLSLSLSLSLSLSLSLSLSLSLSLSLSLSLSLSLSLSLSLSLSLSLSLSLSLSLSLSLSLSLSLSLSLSLSLSLSLSLSLSLSLSLSLSLSLSLSLSLSLSLSLSLSLSLSLSLSLSLSLSLSLSLSLSLSLSLSLSLSLSLSLSLSLSLSLSLSLSLSLSLSLSLSLSLSLSLSLSLSLSLSLSLSLSLSLSLSLSLSLSLSLSLSLSLSLSLSLSLSLSLSLSLSLSLSLSLSLSLSLSLSLSLSLSLSLSLSLSLSLSLSLSLSLSLSLSLSLSLSLSLSLSLSLSLSLSLSLSLSLSLSLSLSLSLSLSLSLSLSLSLSLSLSLSLSLSLSLSLSLSLSLSLSLSLSLSLSLSLSLSLSLSLSLSLSLSLSLSLSLSLSLSLSLSLSLSLSLSLSLSLSLSLSLSLSLSLSLSLSLSLSLSLSLSLSLSLSLSLSLSLSLSLSLSLSLSLSLSLSLSLSLSLSLSLSLSLSLSLSLSLSLSLSLSLSLSLSLSLSLSLSLSLSLSLSLSLSLSLSLSLSLSLSLSLSLSLSLSLSLSLSLSLSLSLSLSLSLSLSLSLSLSLSLSLSLSLSLSLSLSLSLSLSLSLSLSLSLSLSLSLSLSLSLSLSLSLSLSLSLSLSLSLSLSLSLSLSLSLSLSLSLSLSLSLSLSLSLSLSLSLSLSLSLSLSLSLSLSLSLSLSLSLSLSLSLSLSLSLSLSLSLSLSLSLSLSLSLSLSLSLSLSLSLSLSLSLSLSLSLSLSLSLSLSLSLSLSLSLSLSLSLS
